id,title,rank,poster_url
1,8Â½,1,https://m.media-amazon.com/images/M/MV5BNmI4YWJlYzAtNGU5MS00NTljLThhN2QtNzMwMWM4NTA0ODNlXkEyXkFqcGc@._V1_SX300.jpg
2,Harakiri,2,https://m.media-amazon.com/images/M/MV5BZThiZjU5ZDQtZDI4Mi00ZGYyLTkzOTktYmIzZTFlZTkxYzg5XkEyXkFqcGc@._V1_SX300.jpg
3,The Prestige,3,https://m.media-amazon.com/images/M/MV5BMjA4NDI0MTIxNF5BMl5BanBnXkFtZTYwNTM0MzY2._V1_SX300.jpg
4,The Departed,4,https://m.media-amazon.com/images/M/MV5BMTI1MTY2OTIxNV5BMl5BanBnXkFtZTYwNjQ4NjY3._V1_SX300.jpg
5,The Seventh Seal,5,https://m.media-amazon.com/images/M/MV5BZDlmYTkzOWUtODQ0MS00MmM4LWE3ZjMtYTEwNGUwMmJkYzIxXkEyXkFqcGc@._V1_SX300.jpg
6,Ben Hur,6,https://m.media-amazon.com/images/M/MV5BMzQ2MDI3Mzg1OF5BMl5BanBnXkFtZTcwMTM5MzI4Nw@@._V1_SX300.jpg
7,City of God,7,https://m.media-amazon.com/images/M/MV5BYjY4NGI5OTUtY2ZlZS00Zjk4LTk5N2MtN2JmYWVjNGNmMGRlXkEyXkFqcGc@._V1_SX300.jpg
8,Schindlers List,8,https://via.placeholder.com/300x450?text=No+Image
9,La La Land,9,https://m.media-amazon.com/images/M/MV5BMzUzNDM2NzM2MV5BMl5BanBnXkFtZTgwNTM3NTg4OTE@._V1_SX300.jpg
10,The Good, the Bad and the Ugly,https://m.media-amazon.com/images/M/MV5BMWM5ZjQxM2YtNDlmYi00ZDNhLWI4MWUtN2VkYjBlMTY1ZTkwXkEyXkFqcGc@._V1_SX300.jpg,https://cdn.pixabay.com/photo/2023/01/01/15/42/cinema-7691259_1280.jpg
11,A Separation,11,https://m.media-amazon.com/images/M/MV5BMDM0ZWRmMzctM2M5ZS00ZjU0LWIxN2MtNWNlNGY1ZDhjMDVhXkEyXkFqcGc@._V1_SX300.jpg
12,Life is Beautiful,12,https://m.media-amazon.com/images/M/MV5BZTBhOGYzZjQtYzE0Mi00MGIwLWE0MWYtNzMxNTM2OTFkM2NjXkEyXkFqcGc@._V1_SX300.jpg
13,A Fistful of Dollars,13,https://m.media-amazon.com/images/M/MV5BM2ZkYWU1MGQtMzM3MC00ODQ5LWE1ZGQtMDM5YjczZDZhMjg5XkEyXkFqcGc@._V1_SX300.jpg
14,Godfather II,14,https://m.media-amazon.com/images/M/MV5BM2QzZTU2YmUtMzcxYS00OTk5LWE3MTktNTQzOGY5ZTA5OWUyXkEyXkFqcGdeQXVyNDgwNzczMzk@._V1_SX300.jpg
15,On the Waterfront,15,https://m.media-amazon.com/images/M/MV5BZDJlYTM1ZGYtZTM4YS00MzFhLThiZjktYzQ0ZjAzMGYwZTU3XkEyXkFqcGc@._V1_SX300.jpg
16,For a Few Dollars More,16,https://m.media-amazon.com/images/M/MV5BNTRmOTcyYmYtMTIwNi00ZGYyLTk4YjYtZGJlZTgwZGY0NGQyXkEyXkFqcGc@._V1_SX300.jpg
17,The Godfather,17,https://m.media-amazon.com/images/M/MV5BNGEwYjgwOGQtYjg5ZS00Njc1LTk2ZGEtM2QwZWQ2NjdhZTE5XkEyXkFqcGc@._V1_SX300.jpg
18,Django Unchained,18,https://m.media-amazon.com/images/M/MV5BMjIyNTQ5NjQ1OV5BMl5BanBnXkFtZTcwODg1MDU4OA@@._V1_SX300.jpg
19,Arrival,19,https://m.media-amazon.com/images/M/MV5BMTExMzU0ODcxNDheQTJeQWpwZ15BbWU4MDE1OTI4MzAy._V1_SX300.jpg
20,Apocalypse Now,20,https://m.media-amazon.com/images/M/MV5BZDhiMTljYjYtODc1Yy00MmEwLTg2OTYtYmE1YTRmNDE4MmEwXkEyXkFqcGc@._V1_SX300.jpg
21,After Hours,21,https://m.media-amazon.com/images/M/MV5BMTUxMjEzMzI2MV5BMl5BanBnXkFtZTgwNTU3ODAxMDE@._V1_SX300.jpg
22,Heat,22,https://m.media-amazon.com/images/M/MV5BMTkxYjU1OTMtYWViZC00ZjAzLWI3MDktZGQ2N2VmMjVjNDRlXkEyXkFqcGc@._V1_SX300.jpg
23,Dog Day Afternoon,23,https://m.media-amazon.com/images/M/MV5BY2RjNTg2ODMtZWQ4NC00MDdhLWE4MDgtMWFjMjI4ZTIxMGY4XkEyXkFqcGc@._V1_SX300.jpg
24,Serpico,24,https://m.media-amazon.com/images/M/MV5BYTg3NzUzYzYtMmQxOS00MjAwLWI0ZDYtNDg4OTQ4OTljNGFlXkEyXkFqcGc@._V1_SX300.jpg
25,A Beautiful Mind,25,https://m.media-amazon.com/images/M/MV5BNzljZTk5ZDgtZTQ1Zi00NTM4LThlOGUtZDk2MGM4NDQ4NWQyXkEyXkFqcGc@._V1_SX300.jpg
26,Babylon,26,https://m.media-amazon.com/images/M/MV5BNGY3M2NkN2QtZTdhOS00YTNjLTgyYmMtMGY3Y2U0OTk2NjA0XkEyXkFqcGc@._V1_SX300.jpg
27,Whiplash,27,https://m.media-amazon.com/images/M/MV5BMDFjOWFkYzktYzhhMC00NmYyLTkwY2EtYjViMDhmNzg0OGFkXkEyXkFqcGc@._V1_SX300.jpg
28,Mystic River,28,https://m.media-amazon.com/images/M/MV5BMTIzNDUyMjA4MV5BMl5BanBnXkFtZTYwNDc4ODM3._V1_SX300.jpg
29,Eyes Wide Shut,29,https://m.media-amazon.com/images/M/MV5BZTQ0MmM5MDAtYmYyZS00MzlmLTlhZTAtZDJlZWY5ZTZkZjZmXkEyXkFqcGc@._V1_SX300.jpg
30,A Space Odyssey,30,https://m.media-amazon.com/images/M/MV5BNjU0NDFkMTQtZWY5OS00MmZhLTg3Y2QtZmJhMzMzMWYyYjc2XkEyXkFqcGc@._V1_SX300.jpg
31,Before Sunrise,31,https://m.media-amazon.com/images/M/MV5BZDZhZmI1ZTUtYWI3NC00NTMwLTk3NWMtNDc0OGNjM2I0ZjlmXkEyXkFqcGc@._V1_SX300.jpg
32,Dead Poets Society,32,https://m.media-amazon.com/images/M/MV5BMDYwNGVlY2ItMWYxMS00YjZiLWE5MTAtYWM5NWQ2ZWJjY2Q3XkEyXkFqcGc@._V1_SX300.jpg
33,Dune Part 2,33,https://via.placeholder.com/300x450?text=No+Image
34,Andhadhun,34,https://m.media-amazon.com/images/M/MV5BMjZiYTNkNjUtNzI3MC00YWJmLTljM2QtNTI3MTU3ODYzNWFjXkEyXkFqcGc@._V1_SX300.jpg
35,Casino,35,https://m.media-amazon.com/images/M/MV5BMDRlZWZjZjYtYzY2NS00ZWVjLTkwYzAtZTA2ZDAzMGRiYmYwXkEyXkFqcGc@._V1_SX300.jpg
36,A Raging Bull,36,https://via.placeholder.com/300x450?text=No+Image
37,The Irishman,37,https://m.media-amazon.com/images/M/MV5BMTY2YThkNmQtOWJhYy00ZDc3LWEzOGEtMmQwNzM0YjFmZWIyXkEyXkFqcGc@._V1_SX300.jpg
38,Inglorious Basterds,38,https://m.media-amazon.com/images/M/MV5BMDIxYTZmNjQtMmMxYi00MDkyLWJjZDYtYTM1NTA3ZWY2MTUwXkEyXkFqcGdeQXVyMjA3NDg2Mzg@._V1_SX300.jpg
39,My Cousin Vinny,39,https://m.media-amazon.com/images/M/MV5BMTQxNDYzMTg1M15BMl5BanBnXkFtZTgwNzk4MDgxMTE@._V1_SX300.jpg
40,Good Fellas,40,https://via.placeholder.com/300x450?text=No+Image
41,The Dark Knight,41,https://m.media-amazon.com/images/M/MV5BMTMxNTMwODM0NF5BMl5BanBnXkFtZTcwODAyMTk2Mw@@._V1_SX300.jpg
42,La Haine,42,https://m.media-amazon.com/images/M/MV5BMThlMDA3NDYtZGM2Zi00NmJhLThlYWItZjViZTkzZWU1ZWRiXkEyXkFqcGc@._V1_SX300.jpg
43,Les Misrebles,43,https://via.placeholder.com/300x450?text=No+Image
44,Casablanca,44,https://m.media-amazon.com/images/M/MV5BNWEzN2U1YTYtYTQyMS00NTVkLWE2NGQtZWFlMmM0MDNjMmRiXkEyXkFqcGc@._V1_SX300.jpg
45,The Usual Suspects,45,https://m.media-amazon.com/images/M/MV5BOTE5MDUxZDUtZWZmZC00NDVmLWFhOGQtNWI2YTc4NzY3MGQ0XkEyXkFqcGc@._V1_SX300.jpg
46,American Beauty,46,https://m.media-amazon.com/images/M/MV5BMDI1MDE0OTMtMmI2MS00Yjc2LTg2MTItMWExYTg5NzA1OGUzXkEyXkFqcGc@._V1_SX300.jpg
47,The Hangover,47,https://m.media-amazon.com/images/M/MV5BNDI2MzBhNzgtOWYyOS00NDM2LWE0OGYtOGQ0M2FjMTI2NTllXkEyXkFqcGc@._V1_SX300.jpg
48,Iam Sam,48,https://via.placeholder.com/300x450?text=No+Image
49,There Will Be Blood,49,https://m.media-amazon.com/images/M/MV5BMjAxODQ4MDU5NV5BMl5BanBnXkFtZTcwMDU4MjU1MQ@@._V1_SX300.jpg
50,Phantom Thread,50,https://m.media-amazon.com/images/M/MV5BOTMzNWNhNDctMTM2MC00N2EwLThjYTEtMmQ2ZDAyNDVlNzgyXkEyXkFqcGc@._V1_SX300.jpg
51,Vanilla Sky,51,https://m.media-amazon.com/images/M/MV5BNTg5YmYyMzAtYmEzZi00MzA2LWIxMTMtZTc1N2ZjNTA3ZDU2XkEyXkFqcGc@._V1_SX300.jpg
52,Lincoln,52,https://m.media-amazon.com/images/M/MV5BMTQzNzczMDUyNV5BMl5BanBnXkFtZTcwNjM2ODEzOA@@._V1_SX300.jpg
53,The Grand Budapest Hotel,53,https://m.media-amazon.com/images/M/MV5BMzM5NjUxOTEyMl5BMl5BanBnXkFtZTgwNjEyMDM0MDE@._V1_SX300.jpg
54,The Brutalist,54,https://m.media-amazon.com/images/M/MV5BM2U0MWRjZTMtMDVhNC00MzY4LTgwOTktZGQ2MDdiYTI4OWMxXkEyXkFqcGc@._V1_SX300.jpg
55,Carlitos Way,55,https://via.placeholder.com/300x450?text=No+Image
56,Punch Drunk Love,56,https://via.placeholder.com/300x450?text=No+Image
57,Magnolia,57,https://m.media-amazon.com/images/M/MV5BOWY0Zjk1YTMtMGFlYi00OTFmLWEyOTAtNmRkYjE0ZDJiZWMwXkEyXkFqcGc@._V1_SX300.jpg
58,Seven Samurai,58,https://m.media-amazon.com/images/M/MV5BZjliMWExOTMtZDQ3ZS00NWU3LWIyN2EtMjllNzk3ZTNlYzg4XkEyXkFqcGc@._V1_SX300.jpg
59,Gangs of New York,59,https://m.media-amazon.com/images/M/MV5BMTQ0MDA0MTUtYzkzMi00NDY3LThhZDEtNGM4MWUwYzMyZDk5XkEyXkFqcGc@._V1_SX300.jpg
60,The Greatest Showman,60,https://m.media-amazon.com/images/M/MV5BMjI1NDYzNzY2Ml5BMl5BanBnXkFtZTgwODQwODczNTM@._V1_SX300.jpg
