id,title,rank,image_url
1,Breaking Bad,1,https://m.media-amazon.com/images/M/MV5BMTQ0ODYzODc0OV5BMl5BanBnXkFtZTgwMDk3OTcyMDE@._V1_FMjpg_UX1000_.jpg
2,The Wire,2,https://m.media-amazon.com/images/M/MV5BZmY5ZDMxODEtNWIwOS00NjdkLTgyMTYtNzQyYTU0YjI0NzI2XkEyXkFqcGdeQXVyNTA@._V1_FMjpg_UX1000_.jpg
3,The Sopranos,3,https://m.media-amazon.com/images/M/MV5BZGJjYzhjYTYtMzRhYy00OTM4LWE0NzktYzVlYjI1YzM4ZjA0XkEyXkFqcGdeQXVyNTA@._V1_FMjpg_UX1000_.jpg
4,Game of Thrones,4,https://m.media-amazon.com/images/M/MV5BYTRiNDQwYzAtMzVlZS00NTI5LWJjYjUtMzkwNTUzMWMxZTllXkEyXkFqcGdeQXVyNTAyODU2Mw@@._V1_FMjpg_UX1000_.jpg
5,The Office,5,https://m.media-amazon.com/images/M/MV5BMDNkOTE4NDQtMTNmYi00MWE0LTg4OGYtYjVhMDgzZjJjNTk5XkEyXkFqcGdeQXVyNTA@._V1_FMjpg_UX1000_.jpg
6,Friends,6,https://m.media-amazon.com/images/M/MV5BNDVkYjU0MzctMWRmZi00NTkxLTgwZWEtOWVhYjZlYjllYmU4XkEyXkFqcGdeQXVyNTA@._V1_FMjpg_UX1000_.jpg
7,Mad Men,7,https://m.media-amazon.com/images/M/MV5BYjk3ZjI4MmQtYzJhYy00OGM3LWJmMTgtMTUwOTEwZWJmMDRjXkEyXkFqcGdeQXVyNTgyNDEyMA@@._V1_FMjpg_UX1000_.jpg
8,True Detective,8,https://m.media-amazon.com/images/M/MV5BMjIzMzI1MjMtOWRkYy00Njk5LWE5ZTAtNWEzZTdiMGE1NDA0XkEyXkFqcGdeQXVyMTAyMDA3NDM@._V1_FMjpg_UX1000_.jpg
9,The Twilight Zone,9,https://m.media-amazon.com/images/M/MV5BNTAzMDI5MzgtMWQ3Yi00MTU5LWE5ZGUtYjJlYzQ3Njg2Mjk1XkEyXkFqcGdeQXVyNTU2MTE@._V1_FMjpg_UX1000_.jpg
10,Sherlock,10,https://m.media-amazon.com/images/M/MV5BMWY3NTljMjEtYzRiMi00NWM2LTkzNjItZTVmZjE0MTdjMjJhL2ltYWdlXkEyXkFqcGdeQXVyNTQ@._V1_FMjpg_UX1000_.jpg
11,Fargo,11,https://m.media-amazon.com/images/M/MV5BN2NmYjQ3ZmMtMjNhNy00OWYwLTkzNWUtNmRmNjAzZTRiOTJkXkEyXkFqcGdeQXVyNjg4NzMyOTM@._V1_FMjpg_UX1000_.jpg
12,Dexter,12,https://m.media-amazon.com/images/M/MV5BNzQxOTQzOTItMjJmOS00NjM4LWE1YjAtOGM0MjA5ZjYzOGEwXkEyXkFqcGdeQXVyNTc5Nzg@._V1_FMjpg_UX1000_.jpg
13,Lost,13,https://m.media-amazon.com/images/M/MV5BNzhlY2E5NDUtYjJjYy00MWQwLWJkNjItYTI1MjE2Yjg1YmQxXkEyXkFqcGdeQXVyNjcwMzc@._V1_FMjpg_UX1000_.jpg
14,House,14,https://m.media-amazon.com/images/M/MV5BMDA4NjQzN2ItZDhhNC00ZjVlLTljZTgtY2RjNmE4YzdhNzJkXkEyXkFqcGdeQXVyNTA@._V1_FMjpg_UX1000_.jpg
15,The West Wing,15,https://m.media-amazon.com/images/M/MV5BYzk1MzFhOTUtZGNjOC00OTlhLTkxZWItYWUwODk4NDJjMzU3XkEyXkFqcGdeQXVyNTA@._V1_FMjpg_UX1000_.jpg
16,Stranger Things,16,https://m.media-amazon.com/images/M/MV5BN2ZmYjg1YjUtMzFmOS00YTc5LWIwMmUtYWUxM2ZiYzVmYmFmXkEyXkFqcGdeQXVyNTI@._V1_FMjpg_UX1000_.jpg
17,Arrested Development,17,https://m.media-amazon.com/images/M/MV5BNTQxNDE0NzctY2VhOS00OGQ1LWI2OTktNWFlMWM0MTE1MDkwXkEyXkFqcGdeQXVyNTA@._V1_FMjpg_UX1000_.jpg
18,The X-Files,18,https://m.media-amazon.com/images/M/MV5BZDA0MmM4YzUtMzYwZC00OTNlLWI0M2EtMTMzZTBhNzA2YTYzXkEyXkFqcGdeQXVyNTA@._V1_FMjpg_UX1000_.jpg
19,Six Feet Under,19,https://m.media-amazon.com/images/M/MV5BMTc5NzYxNzM5OV5BMl5BanBnXkFtZTcwNDI3MjI@._V1_FMjpg_UX1000_.jpg
20,The Simpsons,20,https://m.media-amazon.com/images/M/MV5BYjFkMTlkYWUtZWFhNy00M2FmLThiOTYtYTRiYjVlZWYxNmJkXkEyXkFqcGdeQXVyNTAyODIwNzg@._V1_FMjpg_UX1000_.jpg
21,Seinfeld,21,https://m.media-amazon.com/images/M/MV5BZjZjMzQ2ZmUtZWEyZC00NWVhLWI0M2ItZjI0NmUxNWMwMTMxXkEyXkFqcGdeQXVyNTA@._V1_FMjpg_UX1000_.jpg
22,Twin Peaks,22,https://m.media-amazon.com/images/M/MV5BNzZiNWYzNDEtY2UwNS00YzQ2LTkyMjAtMWNhNWVlYTdiZjhjXkEyXkFqcGdeQXVyNzMzNDU@._V1_FMjpg_UX1000_.jpg
23,The Crown,23,https://m.media-amazon.com/images/M/MV5BZmY0MzBlNjMtZTBjYy00OGM0LWI3YzAtNGI0NTlmOWJjODFjXkEyXkFqcGdeQXVyNTI@._V1_FMjpg_UX1000_.jpg
24,Better Call Saul,24,https://m.media-amazon.com/images/M/MV5BZDA4YmE0OTYtMmRmNS00Mzk2LTlhM2MtNjk4NzBjZGE1MmIyXkEyXkFqcGdeQXVyMTM@._V1_FMjpg_UX1000_.jpg
25,Deadwood,25,https://m.media-amazon.com/images/M/MV5BMTcyZjE0ODItNGJkZi00NmU4LWJjY2UtNmZjNzRmNjc4MmE4XkEyXkFqcGdeQXVyNzMzNDU@._V1_FMjpg_UX1000_.jpg
26,The Americans,26,https://m.media-amazon.com/images/M/MV5BMTQxMjA5MzQ3Ml5BMl5BanBnXkFtZTgwMzE5MzI@._V1_FMjpg_UX1000_.jpg
27,Ozark,27,https://m.media-amazon.com/images/M/MV5BN2M1ZGQ0OGMtMzg4NS00NGI1LWEzMmQtY2JlMjQ4NzU0MTI1XkEyXkFqcGdeQXVyNjg@._V1_FMjpg_UX1000_.jpg
28,House of Cards,28,https://m.media-amazon.com/images/M/MV5BMTM0NjI2MjctYWE3ZS00NjAyLWJmMzUtMWI3MzQ4YmU0ZGZlXkEyXkFqcGdeQXVyNTUyMzE@._V1_FMjpg_UX1000_.jpg
29,Homeland,29,https://m.media-amazon.com/images/M/MV5BNDNmYTFkMGMtMzhmOS00OTMwLWExNDEtN2ZkNGI5YmQ3MTQ1XkEyXkFqcGdeQXVyNzQ@._V1_FMjpg_UX1000_.jpg
30,The Good Place,30,https://m.media-amazon.com/images/M/MV5BNjI2YzU3NzUtOTg2Zi00OWM4LTg5YTYtZDU4NTBjNGI1MjNhXkEyXkFqcGdeQXVyNzQ@._V1_FMjpg_UX1000_.jpg
31,Westworld,31,https://m.media-amazon.com/images/M/MV5BMTFkNjY3Y2NtMF5BMl5BanBnXkFtZTgwNzU3NjI@._V1_FMjpg_UX1000_.jpg
32,Community,32,https://m.media-amazon.com/images/M/MV5BNDQ0MjE4MjEtMGFhNy00ZTA5LThlOTEtNjkzNDcyNWVmMjNiXkEyXkFqcGdeQXVyNjg@._V1_FMjpg_UX1000_.jpg
33,Parks and Recreation,33,https://m.media-amazon.com/images/M/MV5BMjE3NTQ1NDMtY2Q1ZS00NjBkLWE3ZDMtZTY2ZmI2NmFjY2QwXkEyXkFqcGdeQXVyNzQ@._V1_FMjpg_UX1000_.jpg
34,30 Rock,34,https://m.media-amazon.com/images/M/MV5BNTViYTAyZDgtODE5NC00YzBjLWJlNjgtYzc1ODg5MjcxNGNjXkEyXkFqcGdeQXVyNzQ@._V1_FMjpg_UX1000_.jpg
35,Curb Your Enthusiasm,35,https://m.media-amazon.com/images/M/MV5BMTU1MDA1MTMzNl5BMl5BanBnXkFtZTcwMDc4NzI@._V1_FMjpg_UX1000_.jpg
36,Veep,36,https://m.media-amazon.com/images/M/MV5BNTc5YWI3OTktNGFlOS00MTU0LWFhOTQtNzZjMzI0NTUzYzgyXkEyXkFqcGdeQXVyNzQ@._V1_FMjpg_UX1000_.jpg
37,Atlanta,37,https://m.media-amazon.com/images/M/MV5BMTU2NTM2OTQ2OV5BMl5BanBnXkFtZTgwMzg1MzMzMDI@._V1_FMjpg_UX1000_.jpg
38,The Handmaid's Tale,38,https://m.media-amazon.com/images/M/MV5BNTBjNDUxNGEtNzBjYy00N2FkLTlkNDgtNzFlMjAzNGJiMTE2XkEyXkFqcGdeQXVyMzQ@._V1_FMjpg_UX1000_.jpg
39,Orange Is the New Black,39,https://m.media-amazon.com/images/M/MV5BMjI1NDI4ODI5Ml5BMl5BanBnXkFtZTgwNjQyNjI@._V1_FMjpg_UX1000_.jpg
40,Black Mirror,40,https://m.media-amazon.com/images/M/MV5BYTM3MzY5ZGEtNjNlNS00NDg3LWEyMzAtOTI5NDU3MTI5MmVlXkEyXkFqcGdeQXVyMTI@._V1_FMjpg_UX1000_.jpg
41,The Marvelous Mrs. Maisel,41,https://m.media-amazon.com/images/M/MV5BMzE0YTU4MzAtMzFlNi00ZjdkLTkzY2UtZTA3NjYyZDgzYjFhXkEyXkFqcGdeQXVyNjgxNTIwMzI@._V1_FMjpg_UX1000_.jpg
42,Succession,42,https://m.media-amazon.com/images/M/MV5BODY5YjA1NzEtYmQ3MC00M2Y3LWE3YjktNjZlODZiYmYxM2FmXkEyXkFqcGdeQXVyMzQ@._V1_FMjpg_UX1000_.jpg